f0,log_threshold,threshold,weber_fraction
707.106781186548,-7.903843332906176,0.0003693213842707081,0.0002560268455074066
