f0,log_threshold,threshold,weber_fraction
707.106781186548,-11.672935130873704,8.521355522664077e-06,5.906570998748251e-06
