f0,log_threshold,threshold,weber_fraction
1414.2135623730949,-6.495484467243027,0.0015102433725880861,0.001047369043944757
