f0,log_threshold,threshold,weber_fraction
707.106781186548,-11.511216345987176,1.0017105803593384e-05,6.943352750088394e-06
