f0,log_threshold,threshold,weber_fraction
707.106781186548,-11.318527849098864,1.2145791228937514e-05,8.418856384473372e-06
