f0,log_threshold,threshold,weber_fraction
5656.854249492385,-9.746986481065258,5.8470600765464036e-05,4.052955336630859e-05
