f0,log_threshold,threshold,weber_fraction
5656.854249492385,-10.623317238208951,2.4341758195147602e-05,1.6872563402881013e-05
