f0,log_threshold,threshold,weber_fraction
499.99999999999983,-11.487194948084262,1.0260644041822689e-05,7.1121617797320624e-06
