f0,log_threshold,threshold,weber_fraction
5656.854249492385,-9.607612583757547,6.721510332973329e-05,4.6591044692956274e-05
