f0,log_threshold,threshold,weber_fraction
5656.854249492385,-8.804344576851545,0.00015007962417836116,0.00010403267938263738
