f0,log_threshold,threshold,weber_fraction
2828.4271247461875,-12.208020798798742,4.990268715751529e-06,3.4589966728670873e-06
