f0,log_threshold,threshold,weber_fraction
2000.0,-9.479757575474606,7.63824518902312e-05,5.2945682745164646e-05
