f0,log_threshold,threshold,weber_fraction
499.99999999999983,-6.367352296261521,0.0017166985226530253,0.0011906329821829154
