f0,log_threshold,threshold,weber_fraction
4000.0,-6.467882818512248,0.0015525091995901763,0.0010766965965427477
