f0,log_threshold,threshold,weber_fraction
707.106781186548,-11.461057443274456,1.0532367289427432e-05,7.300507339769169e-06
