f0,log_threshold,threshold,weber_fraction
249.9999999999999,-10.858858698712408,1.9233467474875e-05,1.3331712619191194e-05
