f0,log_threshold,threshold,weber_fraction
5656.854249492385,-6.4025781729051845,0.0016572790086544509,0.0011493983247774509
