f0,log_threshold,threshold,weber_fraction
707.106781186548,-11.573431516280708,9.41288072974791e-06,6.524533023410939e-06
