f0,log_threshold,threshold,weber_fraction
499.99999999999983,-11.384129566488271,1.1374579435793383e-05,7.88428874676228e-06
