f0,log_threshold,threshold,weber_fraction
4000.0,-11.581019866555879,9.341722820698718e-06,6.475209798795234e-06
