f0,log_threshold,threshold,weber_fraction
1414.2135623730949,-12.11523446013988,5.47545894535164e-06,3.7953061324813575e-06
