f0,log_threshold,threshold,weber_fraction
2000.0,-9.319937561296594,8.961950595405552e-05,6.212143733175246e-05
