f0,log_threshold,threshold,weber_fraction
707.106781186548,-11.657054353764986,8.657761520228563e-06,6.0011209943588995e-06
