f0,log_threshold,threshold,weber_fraction
999.9999999999998,-11.997489744153803,6.1596552730388555e-06,4.269556800329255e-06
