f0,log_threshold,threshold,weber_fraction
2828.4271247461875,-6.585557335180609,0.001380157942630403,0.0009571103247012491
