f0,log_threshold,threshold,weber_fraction
8000.0,-6.088653664052072,0.002268460970358122,0.001573614159212644
