f0,log_threshold,threshold,weber_fraction
4000.0,-6.445229018278703,0.0015880808278880083,0.0011013798221373161
