f0,log_threshold,threshold,weber_fraction
5656.854249492385,-9.038140602509452,0.0001187915118681701,8.234339155688275e-05
