f0,log_threshold,threshold,weber_fraction
1414.2135623730949,-6.393830332562258,0.0016718402175335074,0.001159503037598375
