f0,log_threshold,threshold,weber_fraction
707.106781186548,-11.700343073134906,8.290974262249567e-06,5.746881947210625e-06
