f0,log_threshold,threshold,weber_fraction
707.106781186548,-11.487067341373958,1.026195345239748e-05,7.11306940037737e-06
