f0,log_threshold,threshold,weber_fraction
4000.0,-6.520743100423117,0.0014725744249984775,0.0010212319134152992
