f0,log_threshold,threshold,weber_fraction
499.99999999999983,-11.499504551344897,1.0135113783399425e-05,7.0251502197749005e-06
