f0,log_threshold,threshold,weber_fraction
2828.4271247461875,-12.251081162986466,4.77994669600505e-06,3.3132120642598295e-06
