f0,log_threshold,threshold,weber_fraction
5656.854249492385,-9.984897019476204,4.609080804570127e-05,3.194822398033814e-05
