f0,log_threshold,threshold,weber_fraction
353.55339059327395,-11.277518519597114,1.2654236222552632e-05,8.771286627240471e-06
