f0,log_threshold,threshold,weber_fraction
8000.0,-6.146475774667061,0.0021410139052139778,0.0014851394808983454
