f0,log_threshold,threshold,weber_fraction
4000.0,-6.399295990693649,0.0016627274368119986,0.0011531792353074444
