f0,log_threshold,threshold,weber_fraction
499.99999999999983,-11.245681015049707,1.3063597468388601e-05,9.055036749749945e-06
