f0,log_threshold,threshold,weber_fraction
353.55339059327395,-11.112969078639033,1.4917596351118115e-05,1.0340143310472172e-05
