f0,log_threshold,threshold,weber_fraction
249.9999999999999,-10.847443854405812,1.9454272340615805e-05,1.3484764941340543e-05
