f0,log_threshold,threshold,weber_fraction
999.9999999999998,-6.376155337728214,0.0017016526761405417,0.0011801916334452933
