f0,log_threshold,threshold,weber_fraction
353.55339059327395,-10.99018556457454,1.686642557228308e-05,1.1690983670487043e-05
