f0,log_threshold,threshold,weber_fraction
499.99999999999983,-11.16453784180234,1.4167813205805466e-05,9.820427998352699e-06
