f0,log_threshold,threshold,weber_fraction
249.9999999999999,-10.376601555622196,3.1152951823784316e-05,2.159381386590553e-05
