f0,log_threshold,threshold,weber_fraction
1414.2135623730949,-10.780689648564172,2.079725297342479e-05,1.4415661166555793e-05
