f0,log_threshold,threshold,weber_fraction
353.55339059327395,-11.05401268639819,1.582352681702986e-05,1.0968093148822078e-05
