f0,log_threshold,threshold,weber_fraction
5656.854249492385,-10.734126205407767,2.1788544555053315e-05,1.510278227279116e-05
