f0,log_threshold,threshold,weber_fraction
1414.2135623730949,-12.127577218084086,5.408292046047888e-06,3.7487494100041374e-06
