f0,log_threshold,threshold,weber_fraction
249.9999999999999,-10.94213127529161,1.7696719486786275e-05,1.2266506450364645e-05
