f0,log_threshold,threshold,weber_fraction
249.9999999999999,-11.001995002499463,1.6668414070009065e-05,1.1553730960844888e-05
