f0,log_threshold,threshold,weber_fraction
2000.0,-6.332117769935855,0.001778263824906849,0.0012333585183372797
