f0,log_threshold,threshold,weber_fraction
5656.854249492385,-6.5270757727013935,0.001463278558662901,0.0010147819504444655
