f0,log_threshold,threshold,weber_fraction
8000.0,-6.162305303148096,0.0021073894960085705,0.001461798474813758
