f0,log_threshold,threshold,weber_fraction
249.9999999999999,-10.52057252091684,2.6975742521459027e-05,1.8698334683930895e-05
