f0,log_threshold,threshold,weber_fraction
999.9999999999998,-12.049299939085428,5.848648558291382e-06,4.053982475715756e-06
