f0,log_threshold,threshold,weber_fraction
1414.2135623730949,-12.1520226194403,5.277687026217011e-06,3.6582205733548534e-06
