f0,log_threshold,threshold,weber_fraction
707.106781186548,-11.381194579563456,1.1408012716834132e-05,7.907463114298352e-06
