f0,log_threshold,threshold,weber_fraction
707.106781186548,-11.399152197480786,1.1204980427465938e-05,7.766730752534201e-06
