f0,log_threshold,threshold,weber_fraction
8000.0,-5.7055342667985744,0.0033274991378329922,0.0023091085398816436
