f0,log_threshold,threshold,weber_fraction
5656.854249492385,-6.6237001495166155,0.0013285061685690107,0.0009212744179138976
