f0,log_threshold,threshold,weber_fraction
499.99999999999983,-11.510112587458082,1.002816837364085e-05,6.951020792511642e-06
