f0,log_threshold,threshold,weber_fraction
999.9999999999998,-11.87756952079611,6.944437901128277e-06,4.8135291368378574e-06
