f0,log_threshold,threshold,weber_fraction
2828.4271247461875,-12.275982192177405,4.662390809337541e-06,3.231728266106515e-06
