f0,log_threshold,threshold,weber_fraction
4000.0,-6.55613465102367,0.0014213691936888972,0.0009857035358660227
