f0,log_threshold,threshold,weber_fraction
353.55339059327395,-11.223661225524602,1.3354445590405322e-05,9.256639151411505e-06
