f0,log_threshold,threshold,weber_fraction
1414.2135623730949,-6.521138633193541,0.0014719920887306338,0.0010208278565397855
