f0,log_threshold,threshold,weber_fraction
249.9999999999999,-10.95462715354116,1.7476959342234162e-05,1.2114178468802805e-05
