f0,log_threshold,threshold,weber_fraction
1414.2135623730949,-6.268298490237334,0.0018954509693007255,0.0013146899433891246
