f0,log_threshold,threshold,weber_fraction
1414.2135623730949,-6.444811624170449,0.001588743821824256,0.0011018398807625118
