f0,log_threshold,threshold,weber_fraction
499.99999999999983,-9.524117523166398,7.30681841596092e-05,5.064828842016311e-05
