f0,log_threshold,threshold,weber_fraction
2000.0,-6.531257317512615,0.001457172568930488,0.0010105453149305
