f0,log_threshold,threshold,weber_fraction
8000.0,-6.284438226486727,0.0018651044418046242,0.001293627900941896
