f0,log_threshold,threshold,weber_fraction
2000.0,-6.650770550633396,0.0012930253799758986,0.0008966586547523026
