f0,log_threshold,threshold,weber_fraction
1414.2135623730949,-10.787350692356528,2.065918191978712e-05,1.4319956229913444e-05
