f0,log_threshold,threshold,weber_fraction
8000.0,-6.196482870374721,0.002036580973870231,0.0014126472074011964
