f0,log_threshold,threshold,weber_fraction
499.99999999999983,-6.298888577240052,0.0018383468225300166,0.001275057111923994
