f0,log_threshold,threshold,weber_fraction
8000.0,-6.145110814911483,0.0021439382984162025,0.0014871695282883124
