f0,log_threshold,threshold,weber_fraction
249.9999999999999,-10.816684063095552,2.0061980267175534e-05,1.390600174611123e-05
