f0,log_threshold,threshold,weber_fraction
8000.0,-6.049241151411615,0.0023596519458060302,0.0016369243938083589
