f0,log_threshold,threshold,weber_fraction
8000.0,-6.042863886058853,0.002374748157515614,0.0016474054738360167
