f0,log_threshold,threshold,weber_fraction
4000.0,-11.648413688509743,8.732894471265897e-06,6.053199501421247e-06
