f0,log_threshold,threshold,weber_fraction
8000.0,-5.773519395925267,0.0031087971505244427,0.002157177346194583
