f0,log_threshold,threshold,weber_fraction
2828.4271247461875,-6.58857283357153,0.0013760023473196523,0.0009542271327824814
