f0,log_threshold,threshold,weber_fraction
353.55339059327395,-10.941540274562868,1.7707181352079795e-05,1.2273758151826186e-05
