f0,log_threshold,threshold,weber_fraction
707.106781186548,-6.299329149684002,0.0018375370759666954,0.0012744951228784718
