f0,log_threshold,threshold,weber_fraction
499.99999999999983,-11.32648470668953,1.2049532364698067e-05,8.352134264644206e-06
