f0,log_threshold,threshold,weber_fraction
707.106781186548,-7.976830876145211,0.00034332574206438987,0.00023800358848657943
