f0,log_threshold,threshold,weber_fraction
1414.2135623730949,-6.547074853625394,0.0014343050201143113,0.0009946788459624933
