f0,log_threshold,threshold,weber_fraction
249.9999999999999,-10.692099573025544,2.272375799622988e-05,1.5751032833133394e-05
