f0,log_threshold,threshold,weber_fraction
707.106781186548,-11.651579747278278,8.705289336948554e-06,6.034064964799413e-06
