f0,log_threshold,threshold,weber_fraction
707.106781186548,-11.575532983704129,9.393120637400963e-06,6.510836281892196e-06
