f0,log_threshold,threshold,weber_fraction
353.55339059327395,-10.165202018025244,3.84865388516718e-05,2.6677191724555627e-05
