f0,log_threshold,threshold,weber_fraction
4000.0,-6.363861185314585,0.0017227021812795827,0.0011947993646248545
