f0,log_threshold,threshold,weber_fraction
5656.854249492385,-9.653867720332386,6.417686821757546e-05,4.448500469056427e-05
