f0,log_threshold,threshold,weber_fraction
249.9999999999999,-5.92824665257143,0.0026631473201134473,0.0018476578765400653
