f0,log_threshold,threshold,weber_fraction
2828.4271247461875,-12.323239013929692,4.44718603304537e-06,3.0825592112204703e-06
