f0,log_threshold,threshold,weber_fraction
249.9999999999999,-5.960748954474395,0.002577980458810205,0.0017885173792921982
