f0,log_threshold,threshold,weber_fraction
4000.0,-6.397777127223278,0.0016652548116597465,0.0011549330997824292
