f0,log_threshold,threshold,weber_fraction
5656.854249492385,-6.3833584137358885,0.0016894395813064431,0.0011717162061899433
