f0,log_threshold,threshold,weber_fraction
5656.854249492385,-6.4928654947076065,0.0015142038424198092,0.0010501171114398744
