f0,log_threshold,threshold,weber_fraction
1414.2135623730949,-12.207777397102797,4.9914835034548605e-06,3.4598387024242783e-06
