f0,log_threshold,threshold,weber_fraction
8000.0,-5.491475897752292,0.004121756391894063,0.0028610688896735237
