f0,log_threshold,threshold,weber_fraction
707.106781186548,-8.061494178865981,0.0003154551066347248,0.00021868072490160984
