f0,log_threshold,threshold,weber_fraction
353.55339059327395,-10.306152398014996,3.3426806234231755e-05,2.3169964915803476e-05
