f0,log_threshold,threshold,weber_fraction
707.106781186548,-11.636150849948292,8.840643852725294e-06,6.127886136297889e-06
