f0,log_threshold,threshold,weber_fraction
1414.2135623730949,-6.532611692826471,0.0014552003462414388,0.0010091768938129686
