f0,log_threshold,threshold,weber_fraction
707.106781186548,-11.623132910045221,8.956483181912384e-06,6.2081803360314325e-06
