f0,log_threshold,threshold,weber_fraction
249.9999999999999,-10.440043147472872,2.9237946710927586e-05,2.026640568897342e-05
