f0,log_threshold,threshold,weber_fraction
2828.4271247461875,-6.442573434840723,0.001592303713663793,0.0011043101316237092
