f0,log_threshold,threshold,weber_fraction
8000.0,-6.188448842229027,0.00205300882528356,0.001424050276912947
