f0,log_threshold,threshold,weber_fraction
8000.0,-6.167170000729482,0.0020971625790220296,0.0014546993789639195
