f0,log_threshold,threshold,weber_fraction
2000.0,-12.347719038452299,4.3396405387615735e-06,3.008014128225156e-06
