f0,log_threshold,threshold,weber_fraction
1414.2135623730949,-12.111808447086533,5.4942501101792615e-06,3.8083312248193835e-06
