f0,log_threshold,threshold,weber_fraction
249.9999999999999,-10.36120192538248,3.163640873737582e-05,2.192892795482848e-05
