f0,log_threshold,threshold,weber_fraction
2000.0,-9.294159137299005,9.19597904022746e-05,6.374370098560789e-05
