f0,log_threshold,threshold,weber_fraction
1414.2135623730949,-10.766000752117245,2.1104996340658546e-05,1.4628975711694636e-05
