f0,log_threshold,threshold,weber_fraction
353.55339059327395,-11.098797530691506,1.5130506855508627e-05,1.0487723163032925e-05
