f0,log_threshold,threshold,weber_fraction
2828.4271247461875,-12.332525948913064,4.4060764917806565e-06,3.054064161345238e-06
