f0,log_threshold,threshold,weber_fraction
249.9999999999999,-5.91515549295055,0.0026982402089002996,0.0018720276532733227
