f0,log_threshold,threshold,weber_fraction
499.99999999999983,-11.185829535952907,1.3869345180643667e-05,9.613543717978956e-06
