f0,log_threshold,threshold,weber_fraction
5656.854249492385,-6.503604941263621,0.0014980291403134125,0.0010388939518577445
