f0,log_threshold,threshold,weber_fraction
8000.0,-5.849110237503761,0.002882462724665631,0.0019999681844946604
