f0,log_threshold,threshold,weber_fraction
2000.0,-6.501030757192091,0.0015018903106144921,0.0010415730952042512
