f0,log_threshold,threshold,weber_fraction
999.9999999999998,-6.300717061278363,0.0018349885059579338,0.0012727263388856436
