f0,log_threshold,threshold,weber_fraction
249.9999999999999,-10.825110004173451,1.989364937254549e-05,1.3789322045543173e-05
