f0,log_threshold,threshold,weber_fraction
353.55339059327395,-6.023989869133392,0.0024199948446314537,0.0016788202470034985
