f0,log_threshold,threshold,weber_fraction
5656.854249492385,-6.610229736342307,0.001346522768659629,0.0009337741565373925
