f0,log_threshold,threshold,weber_fraction
353.55339059327395,-6.073324011554012,0.0023035035981487976,0.0015979423759402422
