f0,log_threshold,threshold,weber_fraction
4000.0,-6.528688455453918,0.0014609206563544245,0.00101314591991164
