f0,log_threshold,threshold,weber_fraction
999.9999999999998,-11.914229557430755,6.694464564620593e-06,4.6402600042405595e-06
