f0,log_threshold,threshold,weber_fraction
353.55339059327395,-10.990726300201315,1.6857307760464816e-05,1.1684663611122303e-05
