f0,log_threshold,threshold,weber_fraction
5656.854249492385,-6.4522423434727045,0.0015769820657144725,0.0010936783030548458
