f0,log_threshold,threshold,weber_fraction
2828.427124746187,-12.23184466728998,4.872786210649226e-06,3.3775637273691927e-06
