f0,log_threshold,threshold,weber_fraction
499.99999999999983,-9.580243813903895,6.908010298329051e-05,4.788382500930943e-05
