f0,log_threshold,threshold,weber_fraction
499.99999999999983,-9.493804863816571,7.53169865341054e-05,5.2207119608516095e-05
