f0,log_threshold,threshold,weber_fraction
499.99999999999983,-6.024102795284824,0.0024197215793568534,0.001678630515976165
