f0,log_threshold,threshold,weber_fraction
2828.4271247461875,-12.209830969267701,4.981243649608595e-06,3.452740952036848e-06
