f0,log_threshold,threshold,weber_fraction
5656.854249492385,-10.965537219911013,1.7287320920793506e-05,1.198272954794355e-05
