f0,log_threshold,threshold,weber_fraction
5656.854249492385,-10.337645523237569,3.2390495620784776e-05,2.2451632750719597e-05
