f0,log_threshold,threshold,weber_fraction
353.55339059327395,-10.130142508629914,3.985979011970404e-05,2.7629082815172623e-05
