f0,log_threshold,threshold,weber_fraction
2000.0,-9.402510330223407,8.251666127020429e-05,5.7197826841992594e-05
