f0,log_threshold,threshold,weber_fraction
4000.0,-6.453747048530545,0.0015746109571809462,0.0010920329797221573
