f0,log_threshold,threshold,weber_fraction
1414.2135623730949,-12.137759880966778,5.353500665875378e-06,3.7107707775430043e-06
