f0,log_threshold,threshold,weber_fraction
999.9999999999998,-11.775461231114855,7.690988561757201e-06,5.331001247110834e-06
