f0,log_threshold,threshold,weber_fraction
707.106781186548,-6.367946866908626,0.001715678127480098,0.0011899248562805553
