f0,log_threshold,threshold,weber_fraction
4000.0,-6.495202776395809,0.0015106688542475468,0.0010476642742924813
