f0,log_threshold,threshold,weber_fraction
499.99999999999983,-11.472309587680579,1.0414519833438452e-05,7.218821115095864e-06
