f0,log_threshold,threshold,weber_fraction
353.55339059327395,-11.277777873055495,1.2650954728177e-05,8.769012048714941e-06
