f0,log_threshold,threshold,weber_fraction
499.99999999999983,-11.246178868096953,1.3057095335268658e-05,9.05052977384635e-06
