f0,log_threshold,threshold,weber_fraction
999.9999999999998,-11.888211771682231,6.870925314237567e-06,4.762573850403129e-06
