f0,log_threshold,threshold,weber_fraction
4000.0,-6.45991629499603,0.0015649266971073624,0.0010853130543106992
