f0,log_threshold,threshold,weber_fraction
2000.0,-12.428536663137558,4.002719058568644e-06,2.7744772788107497e-06
