f0,log_threshold,threshold,weber_fraction
5656.854249492385,-6.53351112812871,0.0014538920761185627,0.00100826915533192
