f0,log_threshold,threshold,weber_fraction
999.9999999999998,-11.234421830929294,1.3211514065055556e-05,9.157565655337763e-06
