f0,log_threshold,threshold,weber_fraction
249.9999999999999,-10.443864132457758,2.9126442119903464e-05,2.018911503265386e-05
