f0,log_threshold,threshold,weber_fraction
499.99999999999983,-11.505747712706622,1.0072035740712596e-05,6.981427546293162e-06
