f0,log_threshold,threshold,weber_fraction
353.55339059327395,-10.209441325629713,3.682103305591285e-05,2.552272094713537e-05
