f0,log_threshold,threshold,weber_fraction
353.55339059327395,-11.041049357785662,1.6029987713925838e-05,1.1111202517177787e-05
