f0,log_threshold,threshold,weber_fraction
4000.0,-11.742586086483916,7.948032958761516e-06,5.509171811857172e-06
