f0,log_threshold,threshold,weber_fraction
999.9999999999998,-6.443406185473029,0.0015909782736964974,0.0011033903925126154
