f0,log_threshold,threshold,weber_fraction
999.9999999999998,-11.255044498312504,1.2941847583179584e-05,8.97064539961967e-06
