f0,log_threshold,threshold,weber_fraction
2828.4271247461875,-6.4813203044239724,0.001531786918583131,0.0010623176439257254
