f0,log_threshold,threshold,weber_fraction
353.55339059327395,-11.123542262555507,1.47607007658846e-05,1.0231390459303213e-05
