f0,log_threshold,threshold,weber_fraction
8000.0,-6.189964311507457,0.0020498999098084504,0.0014218922745046214
