f0,log_threshold,threshold,weber_fraction
707.106781186548,-11.613841738011208,9.040087196183311e-06,6.266130584187124e-06
