f0,log_threshold,threshold,weber_fraction
5656.854249492385,-6.586584641328156,0.0013787408259223362,0.0009561271145921424
