f0,log_threshold,threshold,weber_fraction
1414.2135623730949,-6.478640494279155,0.001535897321797501,0.001065169789052245
