f0,log_threshold,threshold,weber_fraction
4000.0,-11.338689071646728,1.1903369202645628e-05,8.250820839883488e-06
