f0,log_threshold,threshold,weber_fraction
499.99999999999983,-6.225662091965178,0.0019780137546967385,0.0013719949823098876
