f0,log_threshold,threshold,weber_fraction
707.106781186548,-7.999230993347388,0.00033572070011197644,0.00023273093438103132
