f0,log_threshold,threshold,weber_fraction
707.106781186548,-11.27762187606069,1.2652928393034892e-05,8.770380101053021e-06
