f0,log_threshold,threshold,weber_fraction
4000.0,-6.615348395665515,0.0013396479871783983,0.0009290044828471622
