f0,log_threshold,threshold,weber_fraction
999.9999999999998,-6.450662523895861,0.0015794753818304502,0.0010954084297192246
