f0,log_threshold,threshold,weber_fraction
499.99999999999983,-6.091748798808683,0.002261450632531385,0.0015687473286383202
