f0,log_threshold,threshold,weber_fraction
1414.2135623730949,-10.69065272232591,2.2756659677555745e-05,1.5773838900168258e-05
