f0,log_threshold,threshold,weber_fraction
8000.0,-6.284908058940716,0.0018642283610294911,0.0012930198626479594
