f0,log_threshold,threshold,weber_fraction
5656.854249492385,-6.628340593873397,0.001322355591358843,0.0009170072441297972
