f0,log_threshold,threshold,weber_fraction
1414.2135623730949,-12.245216601456079,4.808061346986959e-06,3.3326997199711883e-06
