f0,log_threshold,threshold,weber_fraction
999.9999999999998,-11.324903522243481,1.2068599968581991e-05,8.36535103099223e-06
