f0,log_threshold,threshold,weber_fraction
2000.0,-12.256586819274172,4.753702265125183e-06,3.2950207509152563e-06
