f0,log_threshold,threshold,weber_fraction
353.55339059327395,-6.090321084266502,0.0022646816444183713,0.0015709904112441997
