f0,log_threshold,threshold,weber_fraction
353.55339059327395,-11.199569613603055,1.3680082520290913e-05,9.482355586065694e-06
