f0,log_threshold,threshold,weber_fraction
2000.0,-12.056222313920715,5.808301829396783e-06,4.026016141356337e-06
