f0,log_threshold,threshold,weber_fraction
5656.854249492385,-6.650942562981767,0.0012928029827718676,0.0008965043625457358
