f0,log_threshold,threshold,weber_fraction
2000.0,-12.274645910738965,4.6686252401842175e-06,3.236049658239537e-06
