f0,log_threshold,threshold,weber_fraction
8000.0,-5.860719171145377,0.0028491938876596735,0.0019768621306719414
