f0,log_threshold,threshold,weber_fraction
5656.854249492385,-6.302873156373666,0.0018310363583743559,0.0012699834361560303
