f0,log_threshold,threshold,weber_fraction
2828.4271247461875,-6.513375131885177,0.0014834643761753156,0.0010287879894925744
