f0,log_threshold,threshold,weber_fraction
2828.4271247461875,-6.45419518312465,0.00157390547762548,0.001091543444671661
