f0,log_threshold,threshold,weber_fraction
499.99999999999983,-9.588890840875269,6.848534063854072e-05,4.7471547511612755e-05
