f0,log_threshold,threshold,weber_fraction
8000.0,-5.943457348765165,0.0026229455191042585,0.001819741014081222
