f0,log_threshold,threshold,weber_fraction
353.55339059327395,-10.315726200829186,3.310831161766856e-05,2.2949196179622433e-05
