f0,log_threshold,threshold,weber_fraction
2000.0,-9.381987235411334,8.422765593072563e-05,5.83838665051406e-05
