f0,log_threshold,threshold,weber_fraction
1414.2135623730949,-12.336151827155481,4.390129523249019e-06,3.043010531333934e-06
