f0,log_threshold,threshold,weber_fraction
249.9999999999999,-5.931959591444001,0.002653277551168252,0.0018408040572654993
