f0,log_threshold,threshold,weber_fraction
1414.2135623730949,-6.48449424813526,0.001526932820517858,0.001058949470925441
