f0,log_threshold,threshold,weber_fraction
1414.2135623730949,-10.699421130740875,2.255799226273532e-05,1.5636130979101992e-05
