f0,log_threshold,threshold,weber_fraction
2828.4271247461875,-6.461576551396853,0.0015623306731706683,0.0010835116763179276
