f0,log_threshold,threshold,weber_fraction
999.9999999999998,-6.442089078249714,0.001593075143270819,0.0011048454365143456
