f0,log_threshold,threshold,weber_fraction
249.9999999999999,-10.313401795738034,3.3185358254860634e-05,2.3002602066002353e-05
