f0,log_threshold,threshold,weber_fraction
1414.2135623730949,-6.543198313179813,0.0014398759525320413,0.000998544170452531
