f0,log_threshold,threshold,weber_fraction
8000.0,-6.325039653194756,0.001790895234415753,0.0012421247811800207
