f0,log_threshold,threshold,weber_fraction
353.55339059327395,-11.243186473591914,1.3096225833346147e-05,9.077653214006887e-06
