f0,log_threshold,threshold,weber_fraction
999.9999999999998,-11.299774045797154,1.237572029190216e-05,8.578232420619614e-06
