f0,log_threshold,threshold,weber_fraction
4000.0,-6.536906079569983,0.0014489645522042574,0.0010048502181196906
