f0,log_threshold,threshold,weber_fraction
2000.0,-6.565273036040388,0.001408439343700709,0.000976732452842466
