f0,log_threshold,threshold,weber_fraction
8000.0,-6.209098836590919,0.002011048931444301,0.0013949249007281228
