f0,log_threshold,threshold,weber_fraction
353.55339059327395,-11.061023779417898,1.5712974597416524e-05,1.0891463351869746e-05
