f0,log_threshold,threshold,weber_fraction
2828.4271247461875,-6.442356041412078,0.0015926499076563357,0.001104550360036427
