f0,log_threshold,threshold,weber_fraction
999.9999999999998,-6.522419135587944,0.0014701084056242236,0.001019520854894873
