f0,log_threshold,threshold,weber_fraction
4000.0,-6.588885333859873,0.0013755724133700943,0.0009539288409550206
