f0,log_threshold,threshold,weber_fraction
2000.0,-12.033443633301653,5.942125660499849e-06,4.118776130157542e-06
