f0,log_threshold,threshold,weber_fraction
8000.0,-6.189348824924074,0.0020511619840552567,0.0014227683219696363
