f0,log_threshold,threshold,weber_fraction
999.9999999999998,-12.008869747228779,6.089955719854349e-06,4.221244546354086e-06
