f0,log_threshold,threshold,weber_fraction
2000.0,-12.232639771099782,4.868913379624171e-06,3.374879276263343e-06
