f0,log_threshold,threshold,weber_fraction
1414.2135623730949,-12.157155921744438,5.2506644800328745e-06,3.639489903228821e-06
