f0,log_threshold,threshold,weber_fraction
8000.0,-6.072047726716646,0.0023064454017542747,0.001599984739266258
