f0,log_threshold,threshold,weber_fraction
2828.4271247461875,-12.215155199295445,4.9547928401750926e-06,3.4344065849012395e-06
