f0,log_threshold,threshold,weber_fraction
2000.0,-6.483257296493889,0.0015288227311995486,0.001060260845254124
