f0,log_threshold,threshold,weber_fraction
8000.000000000001,-5.937753023710464,0.0026379504086422763,0.0018301605915365116
