f0,log_threshold,threshold,weber_fraction
5656.854249492385,-10.3097898306264,3.330543934489711e-05,2.308583785315399e-05
