f0,log_threshold,threshold,weber_fraction
2828.4271247461875,-6.43504547309727,0.0016043357466246936,0.0011126593460759615
