f0,log_threshold,threshold,weber_fraction
499.99999999999983,-11.463541340812975,1.0506238432378327e-05,7.282396064178798e-06
