f0,log_threshold,threshold,weber_fraction
5656.854249492385,-6.397764796979297,0.0016652753447844529,0.001154947348697588
