f0,log_threshold,threshold,weber_fraction
2828.4271247461875,-12.221385289412636,4.924019992610307e-06,3.413076399505499e-06
