f0,log_threshold,threshold,weber_fraction
1414.2135623730949,-10.859276419716842,1.9225434929320955e-05,1.3326144808534224e-05
