f0,log_threshold,threshold,weber_fraction
353.55339059327395,-11.116992083446362,1.4857703344988068e-05,1.0298628213778471e-05
