f0,log_threshold,threshold,weber_fraction
4000.0,-6.537896979372376,0.0014475294846373098,0.0010038545060393478
