f0,log_threshold,threshold,weber_fraction
249.9999999999999,-10.259434000656505,3.502550664325588e-05,2.4278125886345592e-05
