f0,log_threshold,threshold,weber_fraction
249.9999999999999,-10.822903761170299,1.993758804915711e-05,1.3819778435619767e-05
