f0,log_threshold,threshold,weber_fraction
2000.0,-6.605602943837621,0.0013527672850139826,0.0009381065765374785
