f0,log_threshold,threshold,weber_fraction
499.99999999999983,-11.30523267346524,1.2308349884972032e-05,8.531534413380726e-06
