f0,log_threshold,threshold,weber_fraction
5656.854249492385,-6.224421044266787,0.001980470088012525,0.0013736999202329514
