f0,log_threshold,threshold,weber_fraction
4000.0,-6.478466989865814,0.0015361638298807666,0.001065354715164002
