f0,log_threshold,threshold,weber_fraction
4000.0,-6.425072374485961,0.0016204159969104622,0.0011238177900891877
