f0,log_threshold,threshold,weber_fraction
4000.0,-11.692290580156955,8.35800680158934e-06,5.79334563099998e-06
