f0,log_threshold,threshold,weber_fraction
707.106781186548,-11.428115176680643,1.0885105439120322e-05,7.545008608556003e-06
