f0,log_threshold,threshold,weber_fraction
499.99999999999983,-9.494144588448295,7.529140384437352e-05,5.2189386113843383e-05
