f0,log_threshold,threshold,weber_fraction
999.9999999999998,-11.399481993686766,1.1201285676723756e-05,7.764169726476311e-06
