f0,log_threshold,threshold,weber_fraction
2828.4271247461875,-12.226727468541018,4.8977851338283145e-06,3.394891719077364e-06
