f0,log_threshold,threshold,weber_fraction
4000.0,-11.663596936987929,8.601302290957666e-06,5.961986204727765e-06
