f0,log_threshold,threshold,weber_fraction
4000.0,-11.39182904975185,1.1287337342306945e-05,7.823816660756933e-06
