f0,log_threshold,threshold,weber_fraction
249.9999999999999,-10.977854733058148,1.7075690176044494e-05,1.1836036546863937e-05
