f0,log_threshold,threshold,weber_fraction
353.55339059327395,-11.089488662929888,1.527201234911126e-05,1.058580833057654e-05
