f0,log_threshold,threshold,weber_fraction
1414.2135623730949,-12.24200617445595,4.8235220814540135e-06,3.3434163202450407e-06
