f0,log_threshold,threshold,weber_fraction
1414.2135623730949,-12.032739482267393,5.94631128791338e-06,4.121677398050139e-06
