f0,log_threshold,threshold,weber_fraction
249.9999999999999,-10.710200911470986,2.2316128016324478e-05,1.5468480851321686e-05
