f0,log_threshold,threshold,weber_fraction
1414.2135623730949,-6.421752861507111,0.001625803926546981,0.0011275566223489797
