f0,log_threshold,threshold,weber_fraction
5656.854249492385,-8.74274195023463,0.00015961562923036009,0.00011064324388665447
