f0,log_threshold,threshold,weber_fraction
4000.0,-6.440498419556015,0.0015956111985616515,0.0011066052397987747
