f0,log_threshold,threshold,weber_fraction
4000.0,-11.659841182878415,8.633667407048642e-06,5.98442012766931e-06
