f0,log_threshold,threshold,weber_fraction
4000.0,-11.418478793560368,1.0990505507537823e-05,7.61806692284317e-06
