f0,log_threshold,threshold,weber_fraction
499.99999999999983,-11.301341886444005,1.2356332337177692e-05,8.564793599230569e-06
