f0,log_threshold,threshold,weber_fraction
999.9999999999998,-6.435344924376017,0.0016038553981578983,0.0011123260234837673
