f0,log_threshold,threshold,weber_fraction
999.9999999999998,-6.46543195486345,0.0015563188545172984,0.001079340094785275
