f0,log_threshold,threshold,weber_fraction
4000.0,-11.420261648711149,1.097092848486746e-05,7.604497061386439e-06
