f0,log_threshold,threshold,weber_fraction
353.55339059327395,-11.11210034194797,1.4930561445221866e-05,1.0349130121767303e-05
