f0,log_threshold,threshold,weber_fraction
8000.0,-5.81678358189144,0.002977165570628928,0.0020657446379566125
