f0,log_threshold,threshold,weber_fraction
2000.0,-9.305922317533597,9.088438828835257e-05,6.29982418047792e-05
