f0,log_threshold,threshold,weber_fraction
999.9999999999998,-11.19075621226844,1.3801183449492683e-05,9.566297153096315e-06
