f0,log_threshold,threshold,weber_fraction
707.106781186548,-11.438319049674906,1.0774599956454118e-05,7.468411469924163e-06
