f0,log_threshold,threshold,weber_fraction
2828.4271247461875,-12.112272758369006,5.491699660011592e-06,3.806563380726047e-06
