f0,log_threshold,threshold,weber_fraction
249.9999999999999,-10.647439483847018,2.376160574609526e-05,1.6470425664438793e-05
