f0,log_threshold,threshold,weber_fraction
2828.4271247461875,-6.475585207823613,0.0015405971040164201,0.0010684309050990048
