f0,log_threshold,threshold,weber_fraction
999.9999999999998,-6.326078017672374,0.0017890365975594441,0.0012408348728738527
