f0,log_threshold,threshold,weber_fraction
4000.0,-11.539807375756522,9.73476191775059e-06,6.74764554187135e-06
