f0,log_threshold,threshold,weber_fraction
5656.854249492385,-6.3790162326253155,0.001696791383821619,0.001176818071301211
