f0,log_threshold,threshold,weber_fraction
2000.0,-12.245631395475144,4.80606740546303e-06,3.331317620425267e-06
