f0,log_threshold,threshold,weber_fraction
707.106781186548,-8.078950456081019,0.000309996219388313,0.00021489609231095663
