f0,log_threshold,threshold,weber_fraction
4000.0,-11.378402172213748,1.143991305402952e-05,7.929574918241755e-06
