f0,log_threshold,threshold,weber_fraction
1414.2135623730949,-12.235756653397926,4.853761175784899e-06,3.3643765335877873e-06
