f0,log_threshold,threshold,weber_fraction
999.9999999999998,-11.280084858853433,1.2621802794766243e-05,8.748805291336481e-06
