f0,log_threshold,threshold,weber_fraction
2828.4271247461875,-6.474276560729259,0.0015426145216961417,0.0010698307675134355
