f0,log_threshold,threshold,weber_fraction
5656.854249492385,-6.172508301387219,0.0020859971234420635,0.0014469488465400637
