f0,log_threshold,threshold,weber_fraction
1414.2135623730949,-12.08862372327433,5.623120926051341e-06,3.897658011675631e-06
