f0,log_threshold,threshold,weber_fraction
2000.0,-6.49961619176995,0.0015040163360622654,0.0010430482797489926
