f0,log_threshold,threshold,weber_fraction
2000.0,-9.475191738509034,7.67319990931159e-05,5.3187983260816196e-05
