f0,log_threshold,threshold,weber_fraction
249.9999999999999,-5.894172962382296,0.0027554542653033627,0.0019117604434359947
