f0,log_threshold,threshold,weber_fraction
499.99999999999983,-9.41274646938168,8.167631751784815e-05,5.6615311792240774e-05
