f0,log_threshold,threshold,weber_fraction
249.9999999999999,-10.778307748919906,2.084684898579767e-05,1.4450038998914394e-05
