f0,log_threshold,threshold,weber_fraction
1414.2135623730949,-12.277100988140322,4.657177462202175e-06,3.2281146375989778e-06
