f0,log_threshold,threshold,weber_fraction
2828.4271247461875,-12.19784600909272,5.0413028409762254e-06,3.494370955925419e-06
