f0,log_threshold,threshold,weber_fraction
999.9999999999998,-6.472487783568182,0.001545376384763253,0.001071747195005912
