f0,log_threshold,threshold,weber_fraction
499.99999999999983,-6.271373485582011,0.0018896314185254434,0.0013106508431204311
