f0,log_threshold,threshold,weber_fraction
4000.0,-6.546486298973386,0.001435149435474216,0.0009952647324495967
