f0,log_threshold,threshold,weber_fraction
353.55339059327395,-6.203523482262144,0.0020222925562805487,0.001402729289323057
