f0,log_threshold,threshold,weber_fraction
249.9999999999999,-10.872501855478474,1.897284416787393e-05,1.3151059916616248e-05
