f0,log_threshold,threshold,weber_fraction
2828.4271247461875,-6.505545951299292,0.0014951242708207673,0.0010368783599732367
