f0,log_threshold,threshold,weber_fraction
999.9999999999998,-6.295974466192424,0.0018437117825629511,0.00127878056733155
