f0,log_threshold,threshold,weber_fraction
2000.0,-12.349096561317305,4.333666700187783e-06,3.003873366269616e-06
