f0,log_threshold,threshold,weber_fraction
8000.0,-5.986282025953236,0.002512989934116851,0.001743389827669528
