f0,log_threshold,threshold,weber_fraction
8000.0,-6.177821507344251,0.002074943183034977,0.0014392757817753843
