f0,log_threshold,threshold,weber_fraction
249.9999999999999,-10.913456629017677,1.8211512133900242e-05,1.2623337962924808e-05
