f0,log_threshold,threshold,weber_fraction
5656.854249492385,-10.769051454666286,2.1040709384573732e-05,1.4584414738338936e-05
