f0,log_threshold,threshold,weber_fraction
8000.0,-6.283842844631204,0.0018662152217842401,0.0012943988312579258
