f0,log_threshold,threshold,weber_fraction
707.106781186548,-11.764716857157026,7.774068943070186e-06,5.3885884878646095e-06
