f0,log_threshold,threshold,weber_fraction
999.9999999999998,-11.340421895876778,1.1882760616757288e-05,8.236535938843659e-06
