f0,log_threshold,threshold,weber_fraction
1414.2135623730949,-6.407972957603584,0.0016483624183854274,0.0011432107306263983
