f0,log_threshold,threshold,weber_fraction
999.9999999999998,-6.430739027167368,0.0016112596297345053,0.0011174639676141407
