f0,log_threshold,threshold,weber_fraction
8000.0,-5.883781037028769,0.0027842380407316803,0.0019317501779143598
