f0,log_threshold,threshold,weber_fraction
2000.0,-6.438129466078321,0.0015993956080346994,0.0011092312987939223
