f0,log_threshold,threshold,weber_fraction
4000.0,-6.598312084763059,0.0013626661624607226,0.0009449744157965512
