f0,log_threshold,threshold,weber_fraction
2828.4271247461875,-6.483096881369042,0.0015290679971605014,0.0010604310309278997
