f0,log_threshold,threshold,weber_fraction
707.106781186548,-6.440362524523793,0.001595828048931004,0.0011067557153652263
