f0,log_threshold,threshold,weber_fraction
2828.4271247461875,-6.403997274915,0.0016549288286494385,0.0011477674330679921
