f0,log_threshold,threshold,weber_fraction
8000.000000000001,-5.959624145611432,0.0025808818255144126,0.0017905320523099455
