f0,log_threshold,threshold,weber_fraction
5656.854249492385,-6.554528878654214,0.0014236534225518912,0.0009872884045880603
