f0,log_threshold,threshold,weber_fraction
2828.4271247461875,-6.478079248984495,0.0015367595788886735,0.0010657680969239358
