f0,log_threshold,threshold,weber_fraction
4000.0,-11.779430213878653,7.660523658050224e-06,5.309884472559645e-06
