f0,log_threshold,threshold,weber_fraction
8000.0,-6.197564765130085,0.0020343787990712123,0.0014111186210059579
