f0,log_threshold,threshold,weber_fraction
353.55339059327395,-11.141760752544027,1.449421791506053e-05,1.0046676749864147e-05
