f0,log_threshold,threshold,weber_fraction
499.99999999999983,-11.485639143789461,1.0276620020415914e-05,7.123235562955799e-06
