f0,log_threshold,threshold,weber_fraction
2828.4271247461875,-6.60535591044529,0.0013531015049854805,0.000938338457520338
