f0,log_threshold,threshold,weber_fraction
353.55339059327395,-10.012917946360718,4.4817227665348075e-05,3.106541751685121e-05
