f0,log_threshold,threshold,weber_fraction
2000.0,-6.440205854241171,0.0015960780873487293,0.0011069292206200565
