f0,log_threshold,threshold,weber_fraction
499.99999999999983,-6.331952944138925,0.0017785569528157984,0.0012335619497363393
