f0,log_threshold,threshold,weber_fraction
2828.4271247461875,-6.525294566181237,0.0014658872826207345,0.0010165920166960163
