f0,log_threshold,threshold,weber_fraction
4000.0,-11.453657961096335,1.0610590401834205e-05,7.354727866948352e-06
