f0,log_threshold,threshold,weber_fraction
2000.0,-6.37330867666402,0.0017065036057589446,0.0011835580155790115
