f0,log_threshold,threshold,weber_fraction
2828.4271247461875,-12.227299622457641,4.89498364839807e-06,3.392949870839601e-06
