f0,log_threshold,threshold,weber_fraction
249.9999999999999,-5.976441479274867,0.002537841203361429,0.001760645594413024
