f0,log_threshold,threshold,weber_fraction
999.9999999999998,-11.982305927248245,6.25389600735371e-06,4.334879780687473e-06
