f0,log_threshold,threshold,weber_fraction
499.99999999999983,-11.280548419823962,1.2615953175545214e-05,8.744750608746799e-06
