f0,log_threshold,threshold,weber_fraction
707.106781186548,-11.482738023813857,1.0306477016461715e-05,7.143931003206205e-06
