f0,log_threshold,threshold,weber_fraction
2828.427124746187,-12.131363699353653,5.38785237115929e-06,3.7345816539247068e-06
