f0,log_threshold,threshold,weber_fraction
8000.0,-6.103371124094928,0.00223531946427591,0.0015506063330081865
