f0,log_threshold,threshold,weber_fraction
707.106781186548,-11.74006081991611,7.96812922420629e-06,5.5231015583245835e-06
