f0,log_threshold,threshold,weber_fraction
1414.2135623730949,-10.623274156820235,2.434280689448399e-05,1.6873290318297762e-05
