f0,log_threshold,threshold,weber_fraction
4000.0,-6.335295069549123,0.001772622714438431,0.0012294435835951134
