f0,log_threshold,threshold,weber_fraction
5656.854249492385,-9.426856320691494,8.053196910057638e-05,5.582206532062095e-05
