f0,log_threshold,threshold,weber_fraction
2000.0,-6.566579646368009,0.0014066002640502786,0.0009754564556887502
