f0,log_threshold,threshold,weber_fraction
8000.0,-5.880032128779506,0.00279469548343943,0.0019390127535463542
