f0,log_threshold,threshold,weber_fraction
499.99999999999983,-9.524229919160318,7.305997204993941e-05,5.064259593123843e-05
