f0,log_threshold,threshold,weber_fraction
353.55339059327395,-6.168867674276504,0.002093605301989746,0.001452230078586414
