f0,log_threshold,threshold,weber_fraction
2000.0,-6.51344730124093,0.0014833573193701614,0.001028713707030171
