f0,log_threshold,threshold,weber_fraction
2828.4271247461875,-6.461764334526332,0.0015620373213717008,0.0010833081200491979
