f0,log_threshold,threshold,weber_fraction
249.9999999999999,-10.42109719956065,2.9797168088357143e-05,2.0654036340772564e-05
