f0,log_threshold,threshold,weber_fraction
999.9999999999998,-6.424080748867124,0.001622023639884415,0.0011249333762128888
