f0,log_threshold,threshold,weber_fraction
353.55339059327395,-6.16547760588875,0.002100714811192783,0.0014571651835029176
