f0,log_threshold,threshold,weber_fraction
5656.854249492385,-6.372499054798363,0.0017078857878389064,0.0011845172055646724
