f0,log_threshold,threshold,weber_fraction
4000.0,-6.384479989787958,0.001687545808534246,0.0011704020057259346
