f0,log_threshold,threshold,weber_fraction
499.99999999999983,-9.38051307254368,8.435191277844123e-05,5.846999982095369e-05
