f0,log_threshold,threshold,weber_fraction
5656.854249492385,-10.15543719300633,3.88641940367044e-05,2.6938969368783816e-05
