f0,log_threshold,threshold,weber_fraction
5656.854249492385,-10.193147261285567,3.742591192262016e-05,2.594200181693651e-05
