f0,log_threshold,threshold,weber_fraction
353.55339059327395,-11.119003810192194,1.4827843750529985e-05,1.0277930907021116e-05
