f0,log_threshold,threshold,weber_fraction
249.9999999999999,-10.790845035483482,2.0587117631440556e-05,1.4270004357719301e-05
