f0,log_threshold,threshold,weber_fraction
249.9999999999999,-10.73158107058992,2.1844069968288714e-05,1.5141270138352425e-05
