f0,log_threshold,threshold,weber_fraction
999.9999999999998,-11.93514721931966,6.555886436398021e-06,4.544204524226103e-06
