f0,log_threshold,threshold,weber_fraction
8000.0,-5.915998805532966,0.002695965708174092,0.001870448139381864
