f0,log_threshold,threshold,weber_fraction
249.9999999999999,-10.966453694737709,1.727148478416731e-05,1.1971752643002986e-05
