f0,log_threshold,threshold,weber_fraction
999.9999999999998,-12.033744545114986,5.940337873688868e-06,4.117536925862808e-06
