f0,log_threshold,threshold,weber_fraction
2000.0,-12.308480216325663,4.513307890944345e-06,3.1283915329360923e-06
