f0,log_threshold,threshold,weber_fraction
707.106781186548,-6.360167516084938,0.0017290770393792408,0.001199223368794966
