f0,log_threshold,threshold,weber_fraction
249.9999999999999,-10.84199427756944,1.9560579293394554e-05,1.3558452302220303e-05
