f0,log_threshold,threshold,weber_fraction
4000.0,-11.300677947593911,1.236453891029091e-05,8.570482010972214e-06
