f0,log_threshold,threshold,weber_fraction
2828.4271247461875,-12.274344275428945,4.670033674812036e-06,3.2370259139824498e-06
