f0,log_threshold,threshold,weber_fraction
2000.0,-9.407596156049063,8.209806126889682e-05,5.690765887744753e-05
