f0,log_threshold,threshold,weber_fraction
5656.854249492385,-7.874463101128296,0.0003803331034759146,0.0002636615709514789
