f0,log_threshold,threshold,weber_fraction
353.55339059327395,-6.270869832360997,0.001890583377184311,0.0013113115556284693
