f0,log_threshold,threshold,weber_fraction
4000.0,-6.522309377797034,0.0014702697703305781,0.00101963281842532
