f0,log_threshold,threshold,weber_fraction
1414.2135623730949,-12.284361317396002,4.62348726936154e-06,3.20476230042388e-06
