f0,log_threshold,threshold,weber_fraction
249.9999999999999,-10.793312533613905,2.0536381578474494e-05,1.4234836304360954e-05
