f0,log_threshold,threshold,weber_fraction
8000.0,-6.025126227776975,0.002417246424463593,0.0016769119908779384
