f0,log_threshold,threshold,weber_fraction
5656.854249492385,-6.390593167787579,0.001677261009058474,0.0011632648077517516
