f0,log_threshold,threshold,weber_fraction
1414.2135623730949,-12.210795012922476,4.9764438272661735e-06,3.4494139573570948e-06
