f0,log_threshold,threshold,weber_fraction
249.9999999999999,-10.85018609516787,1.940099712213033e-05,1.3447836876512298e-05
