f0,log_threshold,threshold,weber_fraction
8000.0,-5.8164973297374765,0.0029780179126727797,0.0020663366570548014
