f0,log_threshold,threshold,weber_fraction
1414.2135623730949,-6.228085383964088,0.0019732262528914797,0.0013686719915575463
