f0,log_threshold,threshold,weber_fraction
499.99999999999983,-11.356320352778534,1.169533688107648e-05,8.106622643389017e-06
