f0,log_threshold,threshold,weber_fraction
707.106781186548,-11.52961249748411,9.834514247962042e-06,6.816789057451089e-06
