f0,log_threshold,threshold,weber_fraction
249.9999999999999,-10.720548299580143,2.208640494520379e-05,1.5309246501837848e-05
