f0,log_threshold,threshold,weber_fraction
2000.0,-6.4986435773908715,0.0015054798755915102,0.001044063786680871
