f0,log_threshold,threshold,weber_fraction
1414.2135623730949,-12.289302035086466,4.600700262456096e-06,3.188967500289408e-06
