f0,log_threshold,threshold,weber_fraction
999.9999999999998,-6.358849979044979,0.0017313566638386302,0.0012008053802228247
