f0,log_threshold,threshold,weber_fraction
2000.0,-9.525142459572184,7.299333228331849e-05,5.059640242666141e-05
