f0,log_threshold,threshold,weber_fraction
5656.854249492385,-6.229249923156011,0.0019709296910631257,0.0013670779587422466
