f0,log_threshold,threshold,weber_fraction
8000.0,-6.102590511110792,0.002237065064904033,0.0015518181680638232
