f0,log_threshold,threshold,weber_fraction
353.55339059327395,-11.153624464305073,1.4323278683338018e-05,9.92818951983665e-06
