f0,log_threshold,threshold,weber_fraction
707.106781186548,-6.449683932097325,0.0015810218000177675,0.001096481499863966
