f0,log_threshold,threshold,weber_fraction
499.99999999999983,-11.149784578734739,1.4378384166138608e-05,9.96638610994971e-06
