f0,log_threshold,threshold,weber_fraction
707.106781186548,-11.683053582836399,8.43556734984059e-06,5.847106819167891e-06
