f0,log_threshold,threshold,weber_fraction
999.9999999999998,-6.298932883018413,0.0018382653749474598,0.0012750005847799173
