f0,log_threshold,threshold,weber_fraction
353.55339059327395,-6.174189307601731,0.002082493494949778,0.0014445168053229818
