f0,log_threshold,threshold,weber_fraction
2828.4271247461875,-6.671920622036379,0.0012659649743458233,0.0008778851684647648
