f0,log_threshold,threshold,weber_fraction
249.9999999999999,-10.435518091622985,2.9370549844757278e-05,2.0358321044300354e-05
