f0,log_threshold,threshold,weber_fraction
2828.4271247461875,-6.512133347433416,0.0014853076634182445,0.0010300669741158952
