f0,log_threshold,threshold,weber_fraction
499.99999999999983,-11.372623703865376,1.1506209591267525e-05,7.975528541370736e-06
