f0,log_threshold,threshold,weber_fraction
249.9999999999999,-5.957632108925005,0.002586028160936839,0.001794105613700303
