f0,log_threshold,threshold,weber_fraction
249.9999999999999,-10.873372643710045,1.895633002965523e-05,1.313961303783806e-05
