f0,log_threshold,threshold,weber_fraction
8000.0,-6.079031633314608,0.0022903935201601037,0.0015888406828563628
