f0,log_threshold,threshold,weber_fraction
249.9999999999999,-10.90422431756518,1.8380425014321023e-05,1.274042093468708e-05
