f0,log_threshold,threshold,weber_fraction
4000.0,-11.567081677370302,9.472841174177009e-06,6.566094708393422e-06
