f0,log_threshold,threshold,weber_fraction
4000.0,-11.651829710823007,8.703113603906302e-06,6.032556852497706e-06
