f0,log_threshold,threshold,weber_fraction
249.9999999999999,-10.878455252398957,1.886022685623405e-05,1.3072998521046486e-05
