f0,log_threshold,threshold,weber_fraction
249.9999999999999,-10.725361683920287,2.1980350035793055e-05,1.5235733717533506e-05
