f0,log_threshold,threshold,weber_fraction
707.106781186548,-11.478308723639751,1.0352228746178251e-05,7.17564391283787e-06
