f0,log_threshold,threshold,weber_fraction
1414.2135623730949,-10.764485804941838,2.1136993526155056e-05,1.4651154795375376e-05
