f0,log_threshold,threshold,weber_fraction
5656.854249492385,-10.176571762048251,3.805143495375392e-05,2.6375592684368954e-05
