f0,log_threshold,threshold,weber_fraction
8000.0,-6.314067610550989,0.0018106532077468314,0.0012558370697108856
