f0,log_threshold,threshold,weber_fraction
499.99999999999983,-6.2309421459086405,0.0019675972593996504,0.0013647649380352789
