f0,log_threshold,threshold,weber_fraction
999.9999999999998,-11.860338713997633,7.065133019872246e-06,4.8971890242999194e-06
