f0,log_threshold,threshold,weber_fraction
2828.4271247461875,-12.287562796820742,4.608708938881115e-06,3.1945187095594463e-06
