f0,log_threshold,threshold,weber_fraction
2000.0,-12.244964344660934,4.809274366122938e-06,3.3335405236201154e-06
