f0,log_threshold,threshold,weber_fraction
499.99999999999983,-11.44856138938085,1.066480607644316e-05,7.392307586062685e-06
