f0,log_threshold,threshold,weber_fraction
999.9999999999998,-12.102906141495517,5.5433799636726835e-06,3.842385574603924e-06
