f0,log_threshold,threshold,weber_fraction
8000.0,-6.222167923016361,0.001984937358014284,0.001376800654268484
