f0,log_threshold,threshold,weber_fraction
999.9999999999998,-11.988066855327192,6.217971341307277e-06,4.309978592020869e-06
