f0,log_threshold,threshold,weber_fraction
5656.854249492385,-6.484528866370963,0.0015268799617125192,0.0010589127931954767
