f0,log_threshold,threshold,weber_fraction
1414.2135623730949,-6.48964508820037,0.001519088054680507,0.001053506150282768
