f0,log_threshold,threshold,weber_fraction
999.9999999999998,-6.409014999206616,0.001646645650795567,0.00114201939833114
