f0,log_threshold,threshold,weber_fraction
8000.0,-6.105104014696742,0.0022314492544777986,0.0015479195519068067
