f0,log_threshold,threshold,weber_fraction
353.55339059327395,-10.174299382195336,3.813800058566631e-05,2.6435596992335775e-05
