f0,log_threshold,threshold,weber_fraction
353.55339059327395,-11.215081147973516,1.3469520740113691e-05,9.336403908433155e-06
