f0,log_threshold,threshold,weber_fraction
2828.4271247461875,-12.194788870460066,5.056738384927308e-06,3.5050700970540305e-06
