f0,log_threshold,threshold,weber_fraction
499.99999999999983,-11.434255696771924,1.081847002789577e-05,7.49882011374936e-06
