f0,log_threshold,threshold,weber_fraction
8000.000000000001,-5.94251680441837,0.0026254136762078597,0.0018214549248907197
