f0,log_threshold,threshold,weber_fraction
353.55339059327395,-11.186832452906941,1.3855442352077223e-05,9.603906919064542e-06
