f0,log_threshold,threshold,weber_fraction
499.99999999999983,-11.43186379684182,1.0844377697524022e-05,7.516778076865904e-06
