f0,log_threshold,threshold,weber_fraction
353.55339059327395,-10.180165266615443,3.791494233875761e-05,2.6280980722104275e-05
