f0,log_threshold,threshold,weber_fraction
1414.2135623730949,-6.561114122178447,0.0014143091190954803,0.0009808050533441914
