f0,log_threshold,threshold,weber_fraction
5656.854249492385,-6.443863816508976,0.0015902503592317655,0.0011028852840633263
