f0,log_threshold,threshold,weber_fraction
1414.2135623730949,-6.394665251626351,0.0016704449488130514,0.0011585347901006404
