f0,log_threshold,threshold,weber_fraction
353.55339059327395,-10.9632830876783,1.7326332780524914e-05,1.2009770832932531e-05
