f0,log_threshold,threshold,weber_fraction
499.99999999999983,-11.465620133863075,1.0484420821947727e-05,7.267273139044406e-06
