f0,log_threshold,threshold,weber_fraction
5656.854249492385,-10.183468936688275,3.7789890557091274e-05,2.619429915795557e-05
