f0,log_threshold,threshold,weber_fraction
2000.0,-12.210647391187901,4.97717851276241e-06,3.4499232042239925e-06
