f0,log_threshold,threshold,weber_fraction
2828.4271247461875,-6.500703085768203,0.001502382517787804,0.0010419146226325893
