f0,log_threshold,threshold,weber_fraction
8000.0,-6.134351444069394,0.0021671302673962156,0.0015032690125176273
