f0,log_threshold,threshold,weber_fraction
499.99999999999983,-11.457773790503396,1.0567008770634613e-05,7.324519160523124e-06
