f0,log_threshold,threshold,weber_fraction
499.99999999999983,-11.186996435579085,1.3853170485895035e-05,9.602332166291916e-06
