f0,log_threshold,threshold,weber_fraction
999.9999999999998,-11.862467953800003,7.050105661539451e-06,4.886772802192851e-06
