f0,log_threshold,threshold,weber_fraction
707.106781186548,-11.751678481236507,7.876093850588354e-06,5.459307148347747e-06
