f0,log_threshold,threshold,weber_fraction
2000.0,-12.442206206108478,3.948375987065839e-06,2.73680942819432e-06
