f0,log_threshold,threshold,weber_fraction
4000.0,-6.526729451905326,0.001463785410219757,0.0010151336297499203
