f0,log_threshold,threshold,weber_fraction
249.9999999999999,-11.095813403823477,1.517572564328666e-05,1.051906676763359e-05
