f0,log_threshold,threshold,weber_fraction
8000.0,-6.262933382655861,0.0019056475962079742,0.001321767023507947
