f0,log_threshold,threshold,weber_fraction
499.99999999999983,-11.327294776595956,1.2039775353607017e-05,8.345371163454018e-06
