f0,log_threshold,threshold,weber_fraction
2000.0,-12.033172611637228,5.943736323539008e-06,4.119892561327276e-06
