f0,log_threshold,threshold,weber_fraction
707.106781186548,-6.336914064080455,0.0017697551698534952,0.0012274535114493723
