f0,log_threshold,threshold,weber_fraction
999.9999999999998,-11.767642246039582,7.751360000650822e-06,5.3728477635850425e-06
