f0,log_threshold,threshold,weber_fraction
249.9999999999999,-5.930692626130334,0.0026566412922147727,0.0018431399195701914
