f0,log_threshold,threshold,weber_fraction
353.55339059327395,-11.219924004467893,1.3404447481529366e-05,9.291298142644067e-06
