f0,log_threshold,threshold,weber_fraction
1414.2135623730949,-10.657747790995405,2.351792195723737e-05,1.63015141654288e-05
