f0,log_threshold,threshold,weber_fraction
5656.854249492385,-6.619759719990338,0.0013337513809094116,0.0009249134781554869
