f0,log_threshold,threshold,weber_fraction
2828.4271247461875,-12.154967954111124,5.262165341136429e-06,3.647461721767442e-06
