f0,log_threshold,threshold,weber_fraction
353.55339059327395,-11.150923817455016,1.4362013081219056e-05,9.955038425379925e-06
