f0,log_threshold,threshold,weber_fraction
707.106781186548,-6.382090386523634,0.001691583195462315,0.0011732037883862567
