f0,log_threshold,threshold,weber_fraction
8000.0,-6.090586215669451,0.0022640812857872322,0.0015705736206914622
