f0,log_threshold,threshold,weber_fraction
1414.2135623730949,-10.690252767128555,2.276576314223585e-05,1.578014904057845e-05
