f0,log_threshold,threshold,weber_fraction
8000.0,-6.105023129353559,0.0022316297533162997,0.0015480448578393258
