f0,log_threshold,threshold,weber_fraction
2000.0,-6.403072392801356,0.0016564601507594663,0.0011488300835116316
