f0,log_threshold,threshold,weber_fraction
499.99999999999983,-9.490084131261892,7.559774288357223e-05,5.240173525944414e-05
