f0,log_threshold,threshold,weber_fraction
2000.0,-6.2993704932214465,0.0018374611072542084,0.0012744423982693487
