f0,log_threshold,threshold,weber_fraction
353.55339059327395,-11.228268364478437,1.32930613154382e-05,9.214090421316712e-06
