f0,log_threshold,threshold,weber_fraction
1414.2135623730949,-6.520447740711857,0.0014730094283935305,0.0010215337427608162
