f0,log_threshold,threshold,weber_fraction
2828.4271247461875,-6.479643834413737,0.0015343570672007856,0.0010641010292917752
