f0,log_threshold,threshold,weber_fraction
353.55339059327395,-11.114768764938512,1.4890773500941474e-05,1.0321550935277202e-05
