f0,log_threshold,threshold,weber_fraction
5656.854249492385,-6.407574752705133,0.0016490189350802575,0.0011436663136585867
