f0,log_threshold,threshold,weber_fraction
249.9999999999999,-10.348833641173268,3.203012662028343e-05,2.2201838417057473e-05
