f0,log_threshold,threshold,weber_fraction
2828.4271247461875,-6.5602709788075355,0.0014155020873046111,0.0009816327672673708
