f0,log_threshold,threshold,weber_fraction
499.99999999999983,-6.127600195981473,0.002181810600997364,0.0015134599929247372
