f0,log_threshold,threshold,weber_fraction
353.55339059327395,-10.105241026688976,4.0864819389653066e-05,2.8325735510037475e-05
