f0,log_threshold,threshold,weber_fraction
1414.2135623730949,-6.546724762699817,0.001434807245193454,0.0009950273081844596
