f0,log_threshold,threshold,weber_fraction
2000.0,-12.119742511977414,5.450830846673214e-06,3.7782351705040185e-06
