f0,log_threshold,threshold,weber_fraction
4000.0,-11.673523626187496,8.516342220169032e-06,5.903096021775411e-06
