f0,log_threshold,threshold,weber_fraction
499.99999999999983,-11.439183336201292,1.0765291637991102e-05,7.461959387056183e-06
