f0,log_threshold,threshold,weber_fraction
707.106781186548,-11.736575639518113,7.995948040625647e-06,5.542384199141992e-06
