f0,log_threshold,threshold,weber_fraction
8000.0,-6.119343892848674,0.002199898859017182,0.0015260168721868972
