f0,log_threshold,threshold,weber_fraction
8000.0,-5.735023382957387,0.003230806821643503,0.0022419340235564356
