f0,log_threshold,threshold,weber_fraction
353.55339059327395,-11.232450126669336,1.3237588961162553e-05,9.175639561709303e-06
