f0,log_threshold,threshold,weber_fraction
999.9999999999998,-6.3572980997802295,0.0017340456062624676,0.0012026714529220772
