f0,log_threshold,threshold,weber_fraction
707.106781186548,-6.304448348312152,0.0018281543950821426,0.0012679832764730392
