f0,log_threshold,threshold,weber_fraction
499.99999999999983,-9.562011777895606,7.035112536335773e-05,4.876487316263223e-05
