f0,log_threshold,threshold,weber_fraction
707.106781186548,-7.989702227439138,0.0003389349938795824,0.00023495943404561181
