f0,log_threshold,threshold,weber_fraction
4000.0,-6.49638916826212,0.0015088776717384518,0.0010464214212271283
