f0,log_threshold,threshold,weber_fraction
707.106781186548,-6.228516782911415,0.0019723751887504313,0.0013680812716250212
