f0,log_threshold,threshold,weber_fraction
2000.0,-6.321675284334745,0.0017969306135018326,0.0012463133922506753
