f0,log_threshold,threshold,weber_fraction
707.106781186548,-7.982256881675003,0.00034146789957936974,0.00023671552454440636
