f0,log_threshold,threshold,weber_fraction
2000.0,-11.851284660636189,7.1293915724514984e-06,4.941729877749879e-06
