f0,log_threshold,threshold,weber_fraction
249.9999999999999,-10.944724271052793,1.765089140985237e-05,1.2234740458971771e-05
