f0,log_threshold,threshold,weber_fraction
999.9999999999998,-11.385694578331229,1.1356792006666824e-05,7.871959343264123e-06
