f0,log_threshold,threshold,weber_fraction
2828.4271247461875,-6.529712575134727,0.0014594252646189041,0.0010121083437315548
