f0,log_threshold,threshold,weber_fraction
4000.0,-11.699177279299304,8.300645465154673e-06,5.753585552881191e-06
