f0,log_threshold,threshold,weber_fraction
2828.4271247461875,-6.4569157201839,0.001569629428658053,0.0010885762825234568
