f0,log_threshold,threshold,weber_fraction
707.106781186548,-11.7467565494663,7.914955004658864e-06,5.486243795038703e-06
