f0,log_threshold,threshold,weber_fraction
499.99999999999983,-11.326672075709078,1.204727486713204e-05,8.350569473458691e-06
