f0,log_threshold,threshold,weber_fraction
8000.0,-6.091791348029732,0.0022613544116156076,0.001568680528756028
