f0,log_threshold,threshold,weber_fraction
707.106781186548,-11.669851886078744,8.54766949308558e-06,5.9248105610532065e-06
