f0,log_threshold,threshold,weber_fraction
499.99999999999983,-11.364280900555803,1.1602605180333145e-05,8.042345407410778e-06
