f0,log_threshold,threshold,weber_fraction
707.106781186548,-11.67465416216568,8.506719629254112e-06,5.896426110707509e-06
