f0,log_threshold,threshold,weber_fraction
2000.0,-6.4954896102036725,0.0015102356054858283,0.0010473636545611509
