f0,log_threshold,threshold,weber_fraction
8000.0,-5.7466969726698816,0.0031933109896504926,0.002215885963668063
