f0,log_threshold,threshold,weber_fraction
249.9999999999999,-10.745643691077026,2.153903492534515e-05,1.4929832779397856e-05
