f0,log_threshold,threshold,weber_fraction
5656.854249492385,-6.516015706493983,0.0014795523450885945,0.001026073590179477
