f0,log_threshold,threshold,weber_fraction
999.9999999999998,-11.819174827249055,7.3620301530350125e-06,5.102983464011501e-06
