f0,log_threshold,threshold,weber_fraction
707.106781186548,-11.616279260620553,9.018078613358313e-06,6.250875301594405e-06
