f0,log_threshold,threshold,weber_fraction
999.9999999999998,-6.348475221521748,0.0017494125702832374,0.0012133358878396727
