f0,log_threshold,threshold,weber_fraction
1414.2135623730949,-12.240349496204924,4.8315197285144885e-06,3.3489598854075098e-06
