f0,log_threshold,threshold,weber_fraction
707.106781186548,-7.984342151537591,0.00034075658875460085,0.00023622236486220416
