f0,log_threshold,threshold,weber_fraction
4000.0,-6.487945164605501,0.0015216725844365145,0.001055299498716078
