f0,log_threshold,threshold,weber_fraction
707.106781186548,-8.088710569590974,0.00030698533827145264,0.00021280866224748785
