f0,log_threshold,threshold,weber_fraction
2828.4271247461875,-6.560022742618621,0.001415853509764246,0.0009818765938975904
