f0,log_threshold,threshold,weber_fraction
353.55339059327395,-10.312268803735796,3.322297830794013e-05,2.3028678899805755e-05
