f0,log_threshold,threshold,weber_fraction
2828.4271247461875,-6.46217639293746,0.0015613938033475462,0.0010828615842322087
