f0,log_threshold,threshold,weber_fraction
5656.854249492385,-6.402548816830159,0.0016573276605754777,0.0011494320864808838
