f0,log_threshold,threshold,weber_fraction
2000.0,-6.4878571223309445,0.0015218065618497296,0.001055392462788074
