f0,log_threshold,threshold,weber_fraction
249.9999999999999,-6.0459955806198655,0.0023673228046642006,0.0016422501457398209
