f0,log_threshold,threshold,weber_fraction
2828.4271247461875,-12.205491937860119,5.002904381566983e-06,3.4677550793116296e-06
