f0,log_threshold,threshold,weber_fraction
499.99999999999983,-6.283402402348896,0.001867037362915368,0.0012949694338599826
