f0,log_threshold,threshold,weber_fraction
2000.0,-12.22840579550106,4.889571943131305e-06,3.3891987498702036e-06
