f0,log_threshold,threshold,weber_fraction
999.9999999999998,-11.882400241645396,6.9109721570857774e-06,4.7903323392439745e-06
