f0,log_threshold,threshold,weber_fraction
4000.0,-6.374500066481747,0.0017044717053721864,0.0011821479436173732
