f0,log_threshold,threshold,weber_fraction
353.55339059327395,-11.029092374813967,1.6222808484106192e-05,1.1244857184511403e-05
