f0,log_threshold,threshold,weber_fraction
5656.854249492385,-6.5759702858486655,0.0013934532142927045,0.0009663347675998857
