f0,log_threshold,threshold,weber_fraction
1414.2135623730949,-6.442665716741833,0.0015921567796297318,0.0011042081722467678
