f0,log_threshold,threshold,weber_fraction
2000.0,-12.151844734575825,5.278625930364358e-06,3.658871374545569e-06
