f0,log_threshold,threshold,weber_fraction
2828.4271247461875,-6.419843231699392,0.0016289115764727006,0.0011297131122789406
