f0,log_threshold,threshold,weber_fraction
707.106781186548,-6.35438320996668,0.0017391075320302323,0.001206184338423677
