f0,log_threshold,threshold,weber_fraction
4000.0,-6.402407865247187,0.0016575612799968667,0.0011495942052679453
