f0,log_threshold,threshold,weber_fraction
999.9999999999998,-6.397430518891251,0.001665832102893612,0.0011553337097975902
