f0,log_threshold,threshold,weber_fraction
353.55339059327395,-11.337636261081544,1.1915907794726413e-05,8.259512001229652e-06
