f0,log_threshold,threshold,weber_fraction
2828.4271247461875,-6.55606562102126,0.0014214673141943537,0.0009857716148597984
