f0,log_threshold,threshold,weber_fraction
4000.0,-11.685867349859416,8.411864990707607e-06,5.830677499929493e-06
