f0,log_threshold,threshold,weber_fraction
8000.000000000001,-6.041434411997266,0.0023781452258416482,0.0016497640240384914
