f0,log_threshold,threshold,weber_fraction
353.55339059327395,-6.0865631713327115,0.0022732081317251253,0.0015769098241003032
