f0,log_threshold,threshold,weber_fraction
2828.4271247461875,-6.581012077116621,0.001386445394870656,0.0009614726352111802
