f0,log_threshold,threshold,weber_fraction
499.99999999999983,-11.279304783320756,1.2631652595599557e-05,8.755632712853512e-06
