f0,log_threshold,threshold,weber_fraction
1414.2135623730949,-12.19795148011622,5.0407711576448965e-06,3.494002419834885e-06
