f0,log_threshold,threshold,weber_fraction
2000.0,-12.08735852302952,5.630239802476053e-06,3.902592460081067e-06
