f0,log_threshold,threshold,weber_fraction
4000.0,-6.443252948962361,0.0015912220883358824,0.001103559578429003
