f0,log_threshold,threshold,weber_fraction
4000.0,-6.400826041117708,0.001660185325267569,0.0011514151474438794
