f0,log_threshold,threshold,weber_fraction
2000.0,-9.372181459365287,8.505763611112175e-05,5.8959198680819114e-05
