f0,log_threshold,threshold,weber_fraction
999.9999999999998,-12.049269016831511,5.848829414483396e-06,4.0541078361044924e-06
