f0,log_threshold,threshold,weber_fraction
999.9999999999998,-6.4257578642522475,0.0016193055989541512,0.0011230472562049343
