f0,log_threshold,threshold,weber_fraction
999.9999999999998,-11.96813547868511,6.343147391640062e-06,4.396744396117924e-06
