f0,log_threshold,threshold,weber_fraction
707.106781186548,-8.023497803456015,0.0003276718841541075,0.0002271506374500465
