f0,log_threshold,threshold,weber_fraction
249.9999999999999,-5.890390284029956,0.002765897000806563,0.0019190126603505497
