f0,log_threshold,threshold,weber_fraction
2000.0,-6.45895055641472,0.0015664387371958886,0.0010863622586649857
