f0,log_threshold,threshold,weber_fraction
2828.4271247461875,-12.16293693671518,5.220397880193626e-06,3.6185106189190464e-06
