f0,log_threshold,threshold,weber_fraction
1414.2135623730949,-12.022718644940843,6.006197861693634e-06,4.163187779848698e-06
