f0,log_threshold,threshold,weber_fraction
5656.854249492385,-9.9779374953621,4.641269693324899e-05,3.2171347508214154e-05
