f0,log_threshold,threshold,weber_fraction
249.9999999999999,-10.951231823913945,1.753640023368823e-05,1.2155380255229886e-05
