f0,log_threshold,threshold,weber_fraction
5656.854249492385,-6.438937493672593,0.0015981037742382148,0.0011083348750013933
