f0,log_threshold,threshold,weber_fraction
353.55339059327395,-6.089064767006626,0.002267528591016,0.0015729668663204688
