f0,log_threshold,threshold,weber_fraction
5656.854249492385,-6.572457981620009,0.0013983560509965131,0.0009697364447978085
