f0,log_threshold,threshold,weber_fraction
999.9999999999998,-11.902980860109055,6.770193698774046e-06,4.692751685020369e-06
