f0,log_threshold,threshold,weber_fraction
1414.2135623730949,-6.421322828296841,0.0016265032265791255,0.0011280418868588882
