f0,log_threshold,threshold,weber_fraction
2000.0,-12.269553317557488,4.692461291390512e-06,3.252571603606924e-06
